<?xml version="1.0" encoding="UTF-8" standalone="yes"?>
<manifest>
  <control namespace="BusinessProcessFlowViewer" constructor="BusinessProcessFlowViewer" version="1.0.28" display-name-key="BusinessProcessFlowViewer" description-key="BusinessProcessFlowViewer show BPF of any records type." control-type="standard" preview-image="img/preview.png" api-version="1.2.3">
    <data-set name="dataSet" display-name-key="DataSet View Used" cds-data-set-options="displayCommandBar:true;displayViewSelector:true;displayQuickFindSearch:true"/>
    <property name="parametersBPF" display-name-key="parametersBPF" description-key="This parameter is used to retrieve the different BPFs used by the target entity." of-type="SingleLine.TextArea" usage="input" required="true" default-value="{&quot;bpfs&quot;:[{&quot;bpfEntitySchemaName&quot;:&quot;opportunitysalesprocess&quot;, &quot;lookupFieldSchemaName&quot;:&quot;_opportunityid_value&quot;}, {&quot;bpfEntitySchemaName&quot;:&quot;leadtoopportunitysalesprocess&quot;, &quot;lookupFieldSchemaName&quot;:&quot;_opportunityid_value&quot;}]}"/>
    <property name="stageOrCategory" display-name-key="stageOrCategory" description-key="Select between stage name or category name to be displayed." of-type="Enum" usage="input" required="true" default-value="0">
      <value name="Stage" display-name-key="Stage">0</value>
      <value name="Category" display-name-key="Category">1</value>
    </property>
    <property name="completedColor" display-name-key="completedColor" description-key="This Hex Color define the background color of the completed stages." of-type="SingleLine.Text" usage="input" required="true" default-value="#090"/>
    <property name="completedTextColor" display-name-key="completedTextColor" description-key="This Hex Color define the  text color of the completed stages." of-type="SingleLine.Text" usage="input" required="true" default-value="#090"/>
    <property name="activeColor" display-name-key="activeColor" description-key="This Hex Color define the background color of the active stage." of-type="SingleLine.Text" usage="input" required="true" default-value="#777"/>
    <property name="activeTextColor" display-name-key="activeTextColor" description-key="This Hex Color define the text color of the active stage." of-type="SingleLine.Text" usage="input" required="true" default-value="#2183DD"/>
    <property name="notActiveColor" display-name-key="notActiveColor" description-key="This Hex Color define the background color of the not active stages." of-type="SingleLine.Text" usage="input" required="true" default-value="#DFE3E4"/>
    <property name="notActiveTextColor" display-name-key="notActiveTextColor" description-key="This Hex Color define the text color of the not active stages." of-type="SingleLine.Text" usage="input" required="true" default-value="#666666"/>
    <property name="progressTrackLineColor" display-name-key="progressTrackLineColor" description-key="This Hex Color define the background color of the progress line." of-type="SingleLine.Text" usage="input" required="true" default-value="#DFE3E4"/>
    <property name="pulseColor" display-name-key="pulseColor" description-key="This Hex Color define the pulse color. If empty pulse is not enabled." of-type="SingleLine.Text" usage="input" required="false" default-value="#95c6e6"/>
    <property name="displayEntityName" display-name-key="displayEntityName" description-key="This value is used to display or not the name of the entity." of-type="Enum" usage="input" required="true" default-value="0">
      <value name="Yes" display-name-key="Yes">0</value>
      <value name="No" display-name-key="No">1</value>
    </property>
    <resources>
      <code path="bundle.js" order="1"/>
      <css path="css/style.css" order="1"/>
    </resources>
    <feature-usage>
      <uses-feature name="WebAPI" required="true"/>
    </feature-usage>
    <built-by name="pac" version="1.3.6"/>
  </control>
</manifest>